{
  "name": "b2_attenuate",
  "dataset": "dataset_b2_nuisance_domain_shift",
  "config": {
    "name": "b2_attenuate",
    "seed": 42,
    "device": "cpu",
    "dataset": "b2",
    "dataset_kwargs": {
      "n_train": 5000,
      "n_test": 1000,
      "dim": 64,
      "n_classes": 4,
      "signal_dims_start": 16,
      "nuisance_scale_train": 8.0,
      "nuisance_scale_test": 20.0,
      "signal_scale": 1.5,
      "noise_scale": 0.3,
      "seed": 42
    },
    "batch_size": 256,
    "epochs": 80,
    "lr": 0.001,
    "weight_decay": 0.0001,
    "model": {
      "arch": "mlp2",
      "dropout": 0.0,
      "pca_insert_after": [
        0
      ]
    },
    "pca_drop": {
      "enabled": true,
      "backend": "momentum",
      "mode": "attenuate_topk",
      "top_k": 8,
      "alpha": 0.7,
      "momentum": 0.9,
      "warmup_steps": 20,
      "update_every": 1,
      "train_only": true,
      "eps": 1e-05
    }
  },
  "best_val_acc": 1.0,
  "test_acc": 0.983,
  "test_loss": 0.09323013201355934,
  "test_feature_metrics": {
    "effective_rank": 16.581188201904297,
    "stable_rank": 13.162560693013525,
    "explained_var_ratio": 0.29238513112068176,
    "explained_var_ratio_k4": 0.29238513112068176,
    "eigenvalue_spectrum": [
      485.65655517578125,
      471.9858093261719,
      462.1582946777344,
      449.26666259765625,
      436.6297912597656,
      419.8395690917969,
      414.1848449707031,
      405.59332275390625,
      389.925048828125,
      363.2581787109375,
      357.4090881347656,
      346.03619384765625,
      343.1304931640625,
      335.04302978515625,
      331.2994384765625,
      312.0023498535156
    ],
    "norm_mean": 78.86249542236328,
    "norm_std": 13.993697166442871,
    "norm_min": 30.354236602783203,
    "norm_max": 124.7055435180664
  },
  "total_epochs": 80,
  "total_time_s": 3466.98
}