{
  "name": "b2_spectral_g0.5",
  "dataset": "dataset_b2_nuisance_domain_shift",
  "config": {
    "name": "b2_spectral_g0.5",
    "seed": 1,
    "device": "cpu",
    "dataset": "b2",
    "dataset_kwargs": {
      "n_train": 4000,
      "n_test": 1000,
      "dim": 64,
      "n_classes": 4,
      "nuisance_scale_train": 8.0,
      "nuisance_scale_test": 20.0,
      "signal_scale": 1.5,
      "noise_scale": 0.5,
      "seed": 1
    },
    "batch_size": 256,
    "epochs": 80,
    "lr": 0.001,
    "weight_decay": 0.0001,
    "model": {
      "arch": "mlp2",
      "dropout": 0.0,
      "pca_insert_after": [
        0
      ]
    },
    "pca_drop": {
      "enabled": true,
      "backend": "momentum",
      "mode": "spectral_balance",
      "momentum": 0.99,
      "warmup_steps": 20,
      "update_every": 1,
      "train_only": true,
      "eps": 1e-05,
      "spectral_gamma": 0.5,
      "spectral_w_min": 0.5,
      "spectral_w_max": 2.0
    }
  },
  "best_val_acc": 1.0,
  "test_acc": 0.937,
  "test_loss": 0.23265618085861206,
  "test_feature_metrics": {
    "effective_rank": 16.783374786376953,
    "stable_rank": 12.663994351106346,
    "explained_var_ratio": 0.29077205061912537,
    "explained_var_ratio_k4": 0.29077205061912537,
    "eigenvalue_spectrum": [
      505.8260192871094,
      461.5511169433594,
      454.5807800292969,
      440.6632080078125,
      432.3536071777344,
      415.38134765625,
      408.0728454589844,
      403.2802429199219,
      387.1447448730469,
      379.580810546875,
      373.16009521484375,
      352.8476257324219,
      340.408203125,
      331.9786071777344,
      320.5860900878906,
      316.0184326171875
    ],
    "norm_mean": 78.89775085449219,
    "norm_std": 14.150211334228516,
    "norm_min": 33.61583709716797,
    "norm_max": 124.13924407958984
  },
  "total_epochs": 80,
  "total_time_s": 6682.09
}