{
  "name": "e_baseline",
  "dataset": "dataset_e_multiclass_spurious",
  "config": {
    "name": "e_baseline",
    "seed": 1,
    "device": "cpu",
    "dataset": "e",
    "dataset_kwargs": {
      "n_train": 5000,
      "n_test": 1000,
      "dim": 64,
      "n_classes": 4,
      "signal_dims": 8,
      "spurious_dims": 8,
      "signal_scale": 2.0,
      "spurious_scale_train": 10.0,
      "spurious_scale_test": 0.1,
      "noise_scale": 0.5,
      "spurious_corr": 0.85,
      "seed": 1
    },
    "batch_size": 256,
    "epochs": 80,
    "lr": 0.001,
    "weight_decay": 0.0001,
    "model": {
      "arch": "mlp2",
      "dropout": 0.0,
      "pca_insert_after": [
        0
      ]
    },
    "pca_drop": {
      "enabled": false
    }
  },
  "best_val_acc": 1.0,
  "test_acc": 1.0,
  "test_loss": 0.09268425032496452,
  "test_feature_metrics": {
    "effective_rank": 13.537511825561523,
    "stable_rank": 2.1323168023487815,
    "explained_var_ratio": 0.6439090371131897,
    "explained_var_ratio_k4": 0.6439090371131897,
    "eigenvalue_spectrum": [
      17.510623931884766,
      3.929625988006592,
      2.239881753921509,
      0.36227166652679443,
      0.35526812076568604,
      0.3493155837059021,
      0.3435750901699066,
      0.33292970061302185,
      0.3284113109111786,
      0.3219582438468933,
      0.31531381607055664,
      0.3134993016719818,
      0.30714482069015503,
      0.3002679944038391,
      0.29469674825668335,
      0.29232344031333923
    ],
    "norm_mean": 6.155017852783203,
    "norm_std": 1.820576786994934,
    "norm_min": 3.3112847805023193,
    "norm_max": 10.267117500305176,
    "spurious_alignment": 0.12299568951129913
  },
  "total_epochs": 80,
  "total_time_s": 73.25
}